x0,x1,x2,x3,x4,x5,x6,x7,x8,x9,x10,x11,x12,x13,x14,x15,x16,x17,x18,x19,x20,x21,x22,x23,x24,x25,x26,x27,x28,x29,x30,x31,x32,x33,x34,x35,x36,x37,x38,x39,x40,x41,x42,x43,x44,x45,x46,x47,x48,x49,label
1.6531498325653209,-1.5059113515713871,2.8620856097690455,1.116704106982315,-0.6238971243746674,0.52162522724034,2.7600217358907617,-3.4047253115310316,0.319649783134073,-2.010782268585878,3.6009267753547345,0.4968931448384696,-0.5070366321254438,-5.644162560551911,-2.795650772534729,-0.4533374321385169,-4.44503310863109,1.0339569868127836,-0.9309449002358956,-0.18015965145504498,-6.8488509134633455,-0.4736040569636581,0.8927081528737002,-1.9411128890718299,0.9008227642090298,-2.407483621972714,-0.4098545384398195,0.731551581862154,-0.39256725796515246,1.9093426255571087,3.1543339331299074,1.1059068623484352,0.6986502343077553,8.087962964213956,-0.5480871874725356,-1.0922179413406234,-0.24984208371571587,1.808138718592418,1.6638731244377296,0.3036564735262783,-5.937586152996854,-0.6993179409720909,2.121807501291949,-2.5537642054170995,-0.665041618158691,2.4973943747129264,-0.6890484294179713,-1.3469082302931732,-1.5302767349428925,0.31056471042047845,1
0.7510253041897702,-0.3394543214647791,-2.431476869214417,-2.4046161650792266,-2.4365791482987755,-0.2925942071580907,0.868102245997026,-0.5663760527805346,0.17462957781357,1.602863629377136,-1.460044236668185,1.6973464810139491,-0.08328839569996337,-2.3473964319957337,3.0683600817702494,1.0374447967309102,0.10527222119874158,-2.0182818683542165,-0.17740323961821547,-1.2617114479818743,1.3884050388483655,-0.9880966879686112,0.15919176666881152,-2.4441266853507626,0.38900214065347916,0.8995613035844001,0.982326983800298,-1.003265756903889,0.4655891908949305,-0.9131215375688202,-1.2844367865657231,1.2078791682524823,1.1767869623838638,-2.2136896069273497,-0.39618544474981693,-0.8721583977708226,-5.429829060807866,0.2096653669746953,-0.17845681489726312,-0.5053407218978849,-1.0882836382117325,-0.8991129384265388,2.675658309953395,-1.8052996661307952,-0.5666030246377041,-1.3349568868530337,-0.05697905497773967,-0.030326955392115273,-1.9106682408785125,-0.6783298378739697,0
0.7538656835623008,-0.12706716283851693,-1.3234545185147835,-8.392677396844311,4.115365600521461,0.1416671648715303,1.6584987073710515,-0.3925129548001456,-1.4317977780650375,1.250569832543435,4.779523185143608,-0.011135627340667108,-1.0124571527438062,0.9021344105843068,-4.058876643147881,1.070072512070977,-0.23833530472202158,0.5726133530407902,-1.0892641602002695,0.05570757752127986,-15.41842959940533,1.734572174923709,-0.6210826977013774,-2.897559114527166,1.0985816482311466,3.6313090154529806,-0.6289807075912683,0.5000166958573026,-0.2345380349087504,-0.8612155533986415,7.3836450751383715,-1.6293004012597292,-1.0356057313844946,12.699236122177064,0.47329059491479947,-0.8633555813417826,0.05681738464977573,-0.33814108607371596,-0.5095951329463574,-1.0982894313247467,-8.504037145650962,-0.8881882110855133,3.9862697866923513,-11.269400552236394,1.344074374673427,1.9431105029064546,0.8134522451141071,-4.272776903514268,-1.0409222591559097,-0.9325702298970132,1
1.8593463338516283,-0.857702623046894,-0.6800435142841044,-2.688693342896954,3.621261428173628,0.19321355323369646,-1.5509324455848108,-1.1290535233436414,-0.8152756611364586,0.40088567910412115,-0.550715344184459,1.2973420890928906,-0.8859664820409529,3.543609914378488,-1.7181841742920274,0.21524046763961147,-2.273413862096536,0.007617498318158107,-3.689733823801344,-0.9807449627089035,-9.878976499057183,-0.182904980856951,-1.0063655216785503,3.2485651397843105,0.40053068459870617,0.7895653639935514,1.801213990808535,0.597212504403425,-0.009657236532908346,0.886864686582761,-0.5091586062705137,0.41205821940046183,-0.8022531717308108,-2.3983057359070137,0.045165855938831004,-1.7971646153956184,3.601790184917275,-3.2839518745767595,1.1036939574621503,0.8962484253561593,2.177712552347761,-1.62632193782683,-0.9281678106511418,0.14922202594293474,1.0013310173467296,-3.6348701410487605,0.13545466318998053,-1.5347045592052886,0.6394799673556038,1.279812020628022,0
-0.4994167610220383,-0.1476374145148375,2.09222762233387,-3.4721058798659716,1.4677654809224818,0.10482780282721457,0.26192671414326196,0.3831458206677163,-0.300006659011757,-0.8746625219888452,5.156534694523297,-0.9932572174375524,-1.4899330082214923,4.294254651496777,-3.4692204392342036,0.2522707806121254,-0.4208354665669993,0.8097407308144474,0.2902337678048501,-4.680390856138057,-6.743683816033449,0.3759274257674802,2.2856011815280666,0.7521411370312809,-1.0942409530350914,3.7042972871508715,0.8755091531413832,-0.8795570973113842,-0.6844015561404262,1.0799312171425357,1.3276705245559435,0.4518487605990208,1.1279566249333806,9.886348897693301,-1.6847289588739411,-0.7112857556104383,5.645204445824306,-0.044390793519631266,1.0941669914439438,-0.913594509977107,1.6090249419619227,-1.4269376854269915,0.9163127745755534,-11.758007542328759,-0.33462160595412205,0.5586486267337122,1.1318119568284526,-3.693742169909874,-0.9684049292598786,-0.7731925102234387,1
-1.6641729851661735,1.4622141707804195,1.0030862801804856,5.4357934259641665,8.283417200835009,-1.8447011636280461,-0.9450503021162225,-2.151965195865575,0.003222216443155699,0.3351056201959989,0.4175783123472575,-0.3611131347398661,-0.5840935467949193,2.934488049399947,-2.4334087217688998,-0.5559850318789673,-0.2346697231628423,0.27279638953026414,-1.5158535965537276,1.7681870085655012,-6.929900017166541,0.1834502535815763,0.02673838267463693,-0.46072751260008116,1.4315677574492909,3.0569539253573152,-1.05747364780153,-1.5914478754580315,-2.437564359199356,0.8179776072548057,-2.4447059094456223,2.345405626603981,0.013748487335533657,1.0956077129312558,-0.6378405564735843,1.11492455949028,1.2722989475699682,2.6589678099812444,-0.2789142751032398,-0.47074249818272723,-2.7410771767038224,-0.12656933163938985,-2.674357758703633,-8.400144570932655,0.6089623416545242,-1.8311786559055334,-0.42870206558582885,-0.4815425202618727,-3.4772762398210717,-0.13482245109435406,0
0.25011390688312557,-0.04459939272557343,-0.21875087776554558,2.083720467132769,-0.7952834108313276,-0.4138039890496651,-2.490981397026613,1.7400576989150136,-0.5247419549622203,-0.08234364679135212,-3.055473002750513,-1.0969249717331135,0.37501991982015326,1.6062516891689531,3.9704876270056984,0.10217832694397073,0.5008261197276878,-0.6597112472096701,-3.7417376044526502,-1.1794271563191985,5.639222339836182,1.3289607475532235,0.5049947217800111,-0.24331093938070758,-0.03890530666380676,5.851875284819362,-1.3852775837671982,0.8883388619968426,-0.4796230150738065,0.4740078672770297,-5.828278152130377,7.360450766452042,0.5369879144563616,-0.1530721689075388,-0.06985649825618424,-0.3010947865234137,-5.132737424169831,-3.0030791919392987,0.7271748700204365,0.21790338712166898,-8.958905852757363,-1.0219133244269283,2.6281443642801667,1.956086171086622,-0.9273629280729663,0.24749500064737529,0.2601329049387677,8.35889212859556,-8.537700686272808,-2.2636603010358085,0
-0.9659538588418697,1.0659268187168889,-1.9880125468742715,6.737625437892398,3.68086078489842,-0.43141434110468524,2.3472530679255414,1.7427155507146028,-0.37595996597125914,-0.5893867019785693,-2.9604309760341074,-0.2789816053030303,-0.2815754308001021,-4.9033297193619685,-1.4517168578457746,-1.3817450094949852,-0.7723353820547361,-1.0987684566672995,-2.0333366283879903,2.0723822946257093,3.688123836127496,0.8978641732031214,-0.11244375601928822,-1.4985620446353767,-1.6528036422528436,0.94411082072416,-2.3721938715130153,-0.7393953025101954,0.4447813624072502,-1.400256208127942,-8.466543227207088,-1.275688127185933,-0.49821161858610963,-6.835097065101029,-1.607320159234058,1.0223923224420695,-11.745276871329976,2.372067101406583,0.17468009289816874,0.2950757833018624,-4.311228089522192,-0.7243113192311228,-3.531761524674481,3.4998817355805576,0.5298337834749577,-1.5934893759261022,0.06389619165017826,4.324561838573595,-2.8543910423053065,-0.7997861383857707,1
0.12476952104321241,1.7236962756672618,1.461811936314214,-2.96620177457157,5.04270056845473,-1.329891861334063,-6.026954598827684,-0.7332551280057262,-0.41021869278032874,2.9290962417638613,2.7147234190980853,-0.355494774608452,0.583569926909304,7.956744324132985,-0.5265935661939698,1.4867824740856308,-1.3738789919185115,0.5384370003545387,-0.43709107785742185,0.4772123791843136,-11.590445197951558,0.501799753807639,0.042779719883566894,2.16846976433523,0.5049699814628403,1.838173865246968,1.3821818883931385,1.4863992534663846,0.22285832310348672,0.48334185178057176,5.924993551815796,-0.14675246280829635,-1.5569339325092606,0.07722733044325877,0.32579961364062554,0.9760375253689257,9.802474007659885,-2.2727993388325207,-0.12364962589203071,-0.0560994733409029,4.010748881485559,-1.012673123768591,-1.9935415511494867,-1.4386417453429146,-1.1974276956385663,-1.1664917712933152,0.7130162297109377,-0.06837619187193511,-0.981662966588306,0.20721739341095335,0
-0.16615313560795222,0.013984534859276173,0.42048075854250233,16.462214783549598,-4.261633137853073,0.22494804906437368,0.7760885113782745,-2.548568704285464,3.8016602149671153,0.064024197906828,-0.7061458304371058,-0.3283011067224728,0.12916217424037618,0.2610737395710165,-2.9788608193416044,0.1398265977676514,1.0199743177503753,-1.9495717876297631,-1.3491241903158708,-1.1211188996144799,7.108868938076084,-0.04538336414627235,1.7388572080107567,3.3066470859563677,0.10751903166543003,-5.596194790850044,2.315170634005945,-0.12685587296261336,0.705081101494469,-0.9601055659442864,-9.004590864085893,-0.40916144168158297,-0.8125160461856011,-8.379184700244204,-0.5888131995338436,0.5514735468009196,-6.978361060667726,4.316223990222678,-0.7834992639864761,-0.05313833944148108,8.78841068800066,-1.3814116506822827,-1.020789405475409,-2.0763236165158636,-1.0910329773767136,-4.340369795984868,-0.5789423513918671,3.355181864717792,1.3856891498755102,-1.1383239582150162,1
-1.0506538365874896,1.5309323510288246,0.45124028521636084,3.9814018480145754,8.441402575805188,-0.7623615367276093,1.1789747362696206,-1.4811948858148591,-1.3003468322183391,-1.5096616060682988,-1.90727968848313,-1.4469403347558085,0.7790512201329916,1.145754103296908,-5.963844155484166,-0.7742950804868045,-1.1339221599532543,-0.9228233149968279,-1.1752035201465645,1.8112092796424943,-7.80991931708605,0.8253722320875148,-0.2693897784512403,-0.0474184640427181,0.04253907402979072,4.241574553661518,-0.80385040403152,-0.7474731780653794,-0.27739139174310984,-1.4513384981910251,-5.943518266601481,2.0782531837213645,-0.7303570955579599,6.74759181676326,-0.09900831128407737,0.9687443931111454,-1.731926606260709,3.1160309935579895,0.02185735821987137,-0.2983231689958337,-9.058019415218581,-0.3059525750983919,1.9193848455644278,-10.654893419194117,2.6205738460182393,-1.1059196220671916,0.09244773546980858,-0.8325935098905843,-7.6455548250630105,-0.3634377801160514,0
1.0521534768386704,-0.5060765560786548,0.6835962904843407,-0.16579279064672522,8.405549257527595,-0.04260192849103662,1.0139499835869512,-0.6711221396693131,-1.620274102422562,1.1416479454761015,1.0966708206438178,0.38828881396824266,0.015146785628840823,-3.584066355632405,-4.308046493361581,-0.9984846449304126,-0.9065617258444001,-1.5922106283155977,4.693525023209515,1.9568866422034499,-3.9715198956317392,0.2046208934196503,-0.6862195139210355,-0.1843377644651063,0.5978598778702686,0.13059124908327324,1.1061914728510454,-0.9205381630914402,1.274155027515184,0.034189767415725485,-0.4508275881205737,-4.1870489012319005,0.4303788847830499,7.999833551000573,-0.2100005391102094,-1.6646980393889146,2.022968792855143,-2.678170034431306,-0.7814846589618593,-0.6861018211613559,0.4305651635656726,0.9079040816376843,-1.2432772628462117,1.8817680121700209,1.1159765280267424,0.21818136460937687,-0.6884461387207981,0.7905494266644655,-0.23233470574009865,0.7774339337937849,1
0.259832495003476,-0.3961231977514495,-0.7784919860728186,-3.410828112835146,-0.011529456589492287,-1.1439806995987403,0.289361040655019,-0.7063340245632428,0.8123335893418311,-0.2566501354804808,1.3961549911345124,-0.7195738559179508,0.6559244113725019,2.302581517039401,1.3190705475332,-1.0980979603625587,-0.9197197133339131,-1.4064596551036312,-1.199518742037267,-0.44869869308163357,-3.5902167494332677,0.08584310534245199,0.5122667268259818,0.5954930324681791,-2.1630976483961257,3.089875081696133,0.5462718669437655,-0.5069066148368306,-0.0384766582389533,-0.17482337161776695,1.2320472405316254,2.6941762413185035,0.5043435751629946,4.813943789589614,0.6726367185680938,0.40431434332899113,-2.489729543342545,-0.2574892898411597,0.6799440061159555,-0.4939267070859207,-3.61049529642715,-0.7371851695709141,2.34189700169462,-5.065275122113491,-1.2305460456453867,-0.9343845779014412,2.2542836988049624,1.0588168403747604,-2.1119318978916013,0.5550479424104341,0
0.23497719288905192,0.4961794122883805,-2.463618795212251,-0.06561681252490917,2.0892755093750868,-1.1265894258719975,-0.20505897586874666,-0.28307919486398114,-1.044816319379857,0.4727896560219311,-0.8191838808848104,-0.953804420272564,1.9608808125139106,-5.411394647788347,2.4644063491799812,1.1022825645880243,-2.1441358290017396,0.10056420309716296,3.0949666123945536,-1.0968322034333653,0.06420546600484849,0.20733404604568986,-0.6970730723601831,-3.9485776024671515,1.0104275531255087,-1.8174847252262896,0.7899049417854931,-1.2785138405206862,-0.5270916102240418,-0.9549427576172389,-5.017928273460943,-1.6813771786897624,1.2098372221840976,-8.138759776748335,-1.1076469009010301,-0.5362701440867851,-7.7763697579601825,1.1598530706167578,-1.4704017351380814,0.7591566751082341,7.279160819485474,0.6289995874568216,-1.2390475832591776,0.9818125623847141,-1.1644484538704645,-3.863403923342556,0.5769558933986538,-0.08479929617331683,-3.399042674971012,0.8375479141463265,0
0.0012484557884866053,-0.8087175319795337,-0.4997065936086449,10.272535075259404,8.909432363842493,1.1172834656881903,-1.6466480614013834,-0.5590945136260038,0.030546581040616888,-0.20828510309499634,-0.26024310507255555,-1.5639046348397663,1.8022422297905472,-3.8177931911375955,-4.805092210564419,1.269764750314304,-0.2637108791772833,-0.33379096035356415,-6.49625076692277,1.5282208506010133,-12.27852586053408,0.017515613278218337,-0.709854182146104,-6.521527284302245,0.43283762149999394,0.6286803946303173,-0.036883530845066945,1.0543249749040777,1.5743712374755716,-0.020129103877537476,-5.364757849548479,1.0879819020600303,1.9887319185953911,-4.519220310796401,-0.7891021802566502,0.19898949440518773,-8.496779580726118,1.160673669802744,0.7750232632241703,0.3236257646091187,-8.900105229346256,-0.15993978775704282,-0.46868319110603196,-3.303602807786652,0.018627370661355457,-1.1539046684560414,-1.1041239857992617,2.3452296892546123,-7.912413439214887,0.9000542427640723,0
0.9091884953309661,0.8982406224036156,-5.177790330452204,-10.3901150007254,-5.520934137950705,-0.13580984264368653,-0.5046762439170305,-0.7897973764304933,-0.9916283583780207,-0.14958950166699497,0.16813395507786466,1.0222103545858243,1.0826722820910646,9.894729169873667,-1.123508936965775,1.2466951408944356,-1.7034256346831276,-0.5633093592639145,-3.0565145126389686,0.7415110239329101,-7.698192385232145,0.6966506543362647,0.7006801090936924,5.5312072612309455,-0.17360823571938175,2.7917773524936793,0.2028810444426216,-0.4535531009087746,1.0726360472588732,0.6772459164163702,3.705837956868423,5.17828488372692,-0.8886452830916367,2.530053017612153,-0.8377762593852057,-1.1385678703154767,-1.7035610308134108,2.9939065947158925,-0.03191107563414087,-0.20697447492366403,-7.909577534979963,0.08071989043386668,5.997869481863005,-15.257942186869492,-0.4174294563419882,1.03153114406512,-0.1977874516727299,-2.303452845491713,-4.549496095721831,0.37317471825257814,1
-0.6161211233234792,0.9541895808987649,2.3407204826010997,0.36403512782648373,5.129692491777603,0.7772769637679554,-2.553921367750273,-1.7955746502239638,-0.06036249439233865,-0.7408667042040726,2.1273448833226887,-0.29104146327302577,-0.10800383678095793,4.023076001978797,2.0480371759349634,0.7196681705373317,0.19208641854159514,0.2756665493407744,-1.8409282452076656,0.50832399652995,-5.103199655150936,-0.7308735859513859,-0.24841930670503823,2.198680042542771,-0.4917301080135276,-1.5083679037525455,-0.7110405967911112,-0.6701258977272965,-0.608291150081495,-0.7083850523381071,2.891850524623323,2.7668904156496854,-1.1343115937222275,-1.6055072345734833,0.4472120874548315,-0.640725724190199,9.082651170855229,-3.924659317323523,-0.015779217120995174,-1.6417032288097841,7.011370240159926,0.4662900435501895,-5.052714268811463,3.215577747213564,0.5541275783267697,-2.4819160918971197,0.544144752358008,-2.075756036960254,5.458006656499373,-0.5286706589354886,0
-0.9206263730168693,-2.19368335169466,-1.8031369775548307,-7.569176076070911,-3.7983592031131383,1.9595620052057678,4.426891342084781,2.6072256830475578,-1.3965352375731572,-0.032996480264666096,-1.3204194985368516,0.9423143082769667,0.2456164279017758,-7.47526212508359,3.8502473647036126,-0.2507566767601495,-4.510156013650545,-1.1506920042566469,-0.46648681275637016,-1.9740522380539405,6.404104194723934,0.39756521561746616,-0.09406245036260366,0.880358274733452,0.17437304870152562,-0.9625428618763874,-0.7594954904290641,0.7550496802558879,-1.5620143418292662,0.6006052017330761,-4.91741304563985,1.515429003022251,-0.04404489737594127,-1.128347063662464,-0.8907291830614958,1.0061070670975472,-9.430308134473128,-3.4536871710936548,-0.01325026793402666,-1.022855040804214,-0.7511588753524211,0.9219348042245775,0.05531695659506153,10.47053257692415,-2.0051254266521483,-0.9248581780714771,-0.17713738331532355,1.9930851002969252,0.2576382224504661,0.8425887964569804,0
-0.13022316646672621,-0.1527944634020866,-0.015572177388731068,9.157900130260225,-1.8676338961270207,-0.5634076631181697,-2.0922817040212025,-0.6257362718186728,1.6264314909922573,-0.34198227768405226,-3.8695601088290026,1.0147376948297768,1.3257079593243715,-1.8679797380239234,-0.0047802309227449324,1.5148822938930058,-2.0437211432361737,-2.262243635243806,-0.9506138130833219,-0.9182944900081782,5.397195238199572,0.2080695296299638,1.6043263194156412,1.0915888848551722,-0.381735087240566,-4.078069838625705,1.2926460210124688,0.9903228106559455,-0.5413595884312206,-1.3227331195217957,-9.008504678717731,1.0096172472831646,1.053439748630448,-13.772357075734453,-1.595777611441314,0.09152194677887708,-3.626780743259657,1.852352029802431,-0.4482827991587956,-0.4292238995721983,6.423101896284071,-0.1894179288117906,-2.167087662212779,5.0787943478247115,1.4403036410176226,-2.9155765063835855,-1.0007604902487501,2.869051130251311,-3.6924747573043373,-0.7557507604402671,1
-0.6354304386192672,0.81547196924006,3.5619232022812444,-1.9374405545093663,-1.7328521006150908,0.8576619101224521,2.5676732857182296,-0.6418367060587671,-0.22482656127015146,-0.860509747109608,1.763292259993854,-0.11059050280820729,0.10583464361677868,2.7702783120812136,-3.4818621136257253,0.5746089172925728,-0.3543820114316518,-0.22295918297037942,1.6893494571987464,-4.7130884675153535,2.3471515776564083,0.658802141691513,-0.48982821884726685,3.3547302793011493,-0.01345146935738968,1.2873159343996052,-0.5762418162269032,1.0770374729475365,-1.631219507653533,0.15217697558826634,-2.4060051732748406,3.6502592646170884,-0.2562326979954389,10.218172977070282,0.4809698500346235,-0.3014723148616932,10.105799175200879,1.0106745150881902,-0.37412632026430587,-0.5969171117831944,1.5291647609075723,0.852829768274368,1.2077392268224154,-10.627582963067262,-0.4324319785784447,2.306322432254406,0.41060179132004765,-6.344436081660253,0.09000972379329812,1.499491490138763,1
0.701783372117029,-0.7995934996704901,0.5185762801802508,5.728769992663076,-5.335977826935165,-1.6659560767977184,4.669111430104529,-4.091764807872725,-0.11341163064273396,-1.3693911240471572,2.5077357574978985,1.626649562301582,0.3233565314802586,-5.422523918454458,-4.17316696057355,-1.607676579043177,-1.7561591227893396,1.5427963382930518,-0.2928142164498052,-2.258472823205931,1.615385559262516,-0.9448701973880109,0.4561636113551334,-0.48236655909037485,0.40955177823769134,-3.791773111842569,1.0805441270254872,-0.015005087031364805,-0.7663275989635832,-0.00041732641262016675,-1.8291569356104118,1.6153240540588523,1.914229697062814,3.968572618708829,1.706468247260989,1.2815113403641332,-2.700911822261917,4.171872385360155,0.37415508597080255,0.5707885293815738,-2.7376533692879224,0.07328543200764547,2.0127057728267523,-9.097990083148638,-0.21143829084555663,2.7811060824687663,1.5116393498843184,-1.9303493723346419,-0.37192505659055075,-1.0272968770754625,1
-1.3948401928346434,0.7117852680970441,-1.1950916248921393,6.060176555816416,2.403146794032551,0.6129523681830006,-1.987573339481905,-3.214913984649518,0.8366359871577495,-1.1711903354341404,-0.3467127883749128,0.12955452054621897,-1.245658132865597,4.654687750858776,-1.6373492124365818,-1.274319367734417,1.5968815164564467,0.4050802731844854,-0.3782574016128111,1.5818060269421634,1.180985344215113,-0.3070684868414365,-1.402330532885283,4.385811920213698,-0.2881314527267264,-0.7698146123726881,0.1387452512901793,1.1794199812026458,0.5917269751515682,-1.4108233133803365,0.29857951249126213,-0.2827518863619285,-1.7126293226824552,-7.214789945305033,0.273729449524724,-0.47622443631466943,7.04719067865926,-0.061461706367954116,0.1649127292546986,-1.7139153895502894,5.211716544488114,0.795549551769407,-6.423534644646982,-2.2808553067030934,-1.4059670811426284,-0.5639834839097404,-0.9379475952614882,1.0810679849076195,4.335391884938687,-0.21321523687182103,1
-2.3536403996904136,0.43163385281122324,-3.4624926739851554,-10.946358576288498,8.271110849201087,1.5723303175352248,1.6953293532774767,-0.323769060311098,-0.6992152790869743,1.0122605100653357,2.9673978293084344,-0.3424921902504429,-0.745023216807689,-5.487567577933709,-1.231496903689349,-0.31746221716007195,-5.978148210264688,0.5922056816440394,3.789517738954052,-2.3129583827084663,-11.770672574280827,0.3209994661848916,-0.9020719714130848,-3.385615834509174,-0.05010745879029284,3.097495988916696,0.043995511443988784,0.7938803623083801,-1.527631948178774,-0.9669310884567346,-3.012079493301771,-0.44044768479403174,1.0810559440870733,5.5284387347863735,0.8183537308271613,0.9287419248069415,-6.324355819734749,-1.9951836731136003,-1.7317313464679263,-1.3920159165580357,0.1119802823682958,-1.0051444309566715,0.5271818775131594,-7.199466621635087,-0.9994300165615205,-2.151169989012069,0.5769345970532244,-1.8844438135185317,-7.585115729457116,0.31403384364714554,0
0.2102314391020942,-0.6259431149684574,1.4411832101248163,-0.9948305165434091,-0.020997510088816885,-1.4797956153243483,-1.8068766033992527,-1.620095703370364,0.8394906723176047,0.27919649251421025,-0.3746614656873466,0.1346872623382376,0.3276231792347814,-1.606305579098101,-0.8197832599155684,-2.810668054829197,-4.639282958192549,0.8997308125715531,1.6982428080683698,0.984221519274614,-5.002658471725556,-0.48104402199403523,-0.15065363802089335,-0.17108176049684243,1.570303911911232,0.3071222891616283,-0.17392993030515583,-0.011555520224301364,-0.3770512062727785,-1.578530185941114,3.143774010751135,-2.881894127480466,-1.4834915533680013,0.6396081736948869,0.9663057789708022,0.004174999082500307,1.6205366354313937,1.2866239875250458,0.24395662390798445,-0.23469435432292007,-1.7936003944822099,-0.6850969803314269,1.3909254687608228,3.394031490512986,-0.667723190916164,0.33274100289499486,0.47232788618573723,2.285235411554674,-3.9907972029979817,-1.5306162443986169,1
-0.3355806435831669,-0.04727771569624714,-2.253446028245535,-4.399608619029449,5.509491392767631,-2.832011869908987,-0.5151681452838495,2.1829949737824057,-0.6516562090577808,1.7108365825466556,0.0012157109797523713,-1.0834266602642797,-0.6264902231490875,3.409801260516462,-2.066239401833669,1.3031809616484324,0.10339190956738853,-1.2024753082044328,-0.645857343359641,-0.3866734281998421,-8.317136702764936,-0.14244786878884133,0.12853631685604816,-0.5757126929088603,0.12253131765330154,3.471530550657969,0.5048154563405017,1.4006890344430014,1.4144150427290236,0.4160996344158233,-2.1881278433070803,-1.5379493047699242,-1.5799305296711237,0.1780961223079478,-0.7846874114294452,-0.06366148878954943,-2.963737028575613,0.4492763477514089,-0.20090753320092672,-1.308763514238608,0.35539129026914984,1.896182228633144,0.43596637584300235,-6.3632372285119,-0.1306203959951194,-3.08210933199744,0.6641440493586505,-2.7053641347412913,-2.740425529726699,-0.46189381535428464,1
-0.6757031433716509,0.14410648512323182,2.987751816291719,14.93963418477332,-6.067948894250069,-0.22612246976395622,0.5857022785957509,-0.5325635918665836,0.9385851362497682,-0.7263658321861022,-1.9843670470774932,1.925805737459527,1.0044191922616248,-6.029866005609295,3.787342676861279,0.5125622314261223,1.2194735709928688,0.11566507404634657,-3.799207229272719,-3.4537835798453798,13.931444031199788,-1.0585718976053677,-0.3591165950658852,-3.8586868119640765,0.7920414984229742,-1.9831702068471988,-1.0192511495051295,1.2399405498273601,-0.17245859668145705,-0.5473555742986664,-7.30978690919503,2.59820372343394,-0.6088151174171313,-12.463323665545717,0.11187239689629835,0.6335339024604004,-4.53508594505345,3.0872297482550572,-0.5507994257068402,-0.50900583859132,2.3946838412893445,-1.3705719179606883,-4.007265838985348,5.7744129201699295,1.9517610122678137,-0.22665314405053305,0.23345807966231802,3.863033453759809,0.3430767556367704,0.6695623405090826,1
-0.3212589370580095,0.7289298673852393,-1.348017047091568,0.28646144319861455,14.045948811716253,0.36559146022463607,-0.5324090189224973,2.137243777746675,0.8840271974263262,0.7794605312590615,-2.60169000271621,-1.6677798928842373,-1.3698595019529423,1.2951748342951375,-2.1993673374706546,-0.9842090022728482,0.6964987983964475,-0.4932143871104978,-0.409549645870664,2.7115209912556124,-8.203686649342453,0.48693730493993265,-0.1877949219748069,-1.9546021450617426,-0.23229400718659735,5.301169943284553,-2.0195400853867214,1.5570100415321602,0.18342864666752473,0.5953003076922928,-6.337295649010212,-1.5305007518748406,-0.5843752753113219,-0.2652073354375732,-0.9375093861087292,0.2879154322152784,-4.012447920159043,-0.4080902304190692,1.1641517662249663,-0.1066526736602251,-1.9025334367057207,-0.48856622075462575,-2.7344177594037986,-2.122232033945267,0.5880377487398128,-4.9331137434725925,-2.5790507451894746,-0.6223279794147745,-4.044312207027709,1.4099521383961462,1
-0.3475845129154441,0.9378913720693943,-1.5941664049544197,-4.2743923497951934,0.7469792856174003,-1.6337960176527973,-2.118077941466425,-2.567907420599223,1.1781893644815975,-0.3434178640825921,2.064265031966659,0.8961671937492679,0.1926161100346126,2.9077627974791858,1.2346436050624732,-0.9415456753157148,-1.3588452093947094,-0.9248930731004674,1.3037190788932798,4.025042998064951,-7.512391544380932,-1.8240795520803668,0.2547155366937834,0.9848493562970932,2.0081492793769584,1.3440523820959869,-1.2201171569315528,0.15865193006624295,-0.8472101779585292,0.3295224421695356,10.69179483732179,-3.956231046322868,-1.2028883245160027,1.4715443628845053,-0.38731343745685026,-1.2135236027544805,1.8243478692526138,0.1902535683866502,-0.4258158663638689,-0.5787085129968689,-1.8141830116530766,3.3065743491105617,-0.2179622716684182,0.7712171833371491,-0.24165316263122066,0.1438810641090713,-0.8532384842753111,2.749061775320469,2.226349146950153,-1.1090727317943776,1
1.4219755592924648,0.10571999546715494,2.9385593543744983,2.5029408878699,13.969297373475799,-1.7140461160489964,-1.4215017835022277,1.6191033867750173,0.9901213838791937,-0.9592553926405882,1.109152828787522,0.4936440875248639,-0.37016416451370254,2.606962764688679,0.4130508231378609,-0.021869908789079875,0.9024115115775244,1.7025701522417913,1.4846349897096336,3.6792697414788114,-4.1012901379497855,-1.3171747888057943,-0.2712073398901639,-3.027509527910202,0.44702415688567826,3.674125217984118,-1.3647582300824324,-0.8391294028422137,0.5383296032761768,0.06763423006691976,-4.255586754073985,5.337080096059876,-0.2003534800049874,5.051599154114466,-0.42554221277144805,-0.14244541750936937,1.0041199115692196,2.064701339831507,-0.46302175410905094,0.18970261207999575,-2.4516182902418446,0.4563633634807854,-4.314548784379941,-5.767015480608314,0.48701532598037944,-1.0396884883383193,0.027762131625501486,-1.8128679767976732,-5.592371822144775,-0.43847445803460605,0
0.21035936662981292,0.026246617861587385,0.21784062454356046,1.4134061032546807,11.03731252483365,0.27464720361244455,-0.9541793028137034,-1.5948871614763478,-3.116856591599126,0.3711725526490392,2.702817705238862,-0.6036204360190907,0.9291451477686911,1.0924165112567632,-5.055037834345577,-1.913742670861507,-1.1295281295957256,-0.09816121120593053,-0.861759315216647,1.6758357660227432,-14.105927230595988,-0.1540723984248353,0.6635615765913815,-3.7622820744801504,1.0598062949337745,3.4717797722266384,0.6444520334110423,0.42281857467666145,-0.9898225495471192,-0.8866142600561124,-1.0277546892976699,3.046746929680063,0.6888966666079323,6.65852463705388,0.7435535155083369,0.6436312754533384,0.15209995082634428,2.5452552161469875,-0.14735366458284366,1.193611680749198,-7.8945162619899305,-0.005927405833231806,-0.13689584292464896,-14.096859211090223,0.7088595753671403,0.8950322220054439,-0.11433515987237679,-2.4604541138430966,-8.247511888201654,0.7035855546433883,0
-1.0182793255668514,0.8783037577325304,2.9704021942362235,0.981629979275558,-3.5397459827038706,0.7188971655282916,-0.5216305255290687,-1.57484761437884,-0.15901225155435933,0.6133262263287012,4.589711134744187,-1.216076580745861,1.5551140320590677,-2.2704880066117106,1.692364185522011,0.10015940809062349,-2.1554345117832456,0.7301835311296144,0.40892143945746273,-1.276515142630764,0.06745113836490765,1.2729537489199108,-0.4751751058292485,-2.2376562583024038,-0.8869043262838756,-3.265017239411187,0.2400569292967187,-0.7436721747008731,-0.2859591514851729,-1.857483271594538,4.40486675330996,2.8539460276184876,1.183119557331707,0.9304791095511725,0.2477063784668243,1.4969109935208271,3.2570874822681932,1.8136596409680235,0.3825981367234629,-1.6961312668315431,1.1640886993083932,-0.6545701349975839,-1.3158623912220837,-1.0571198294634074,0.14067190330796092,3.5232815314964725,0.08645252400759346,-1.1263134807119712,-0.03602766862577658,1.3660600684033315,0
0.39710623644977877,0.5165074442817594,-0.5011440871011128,2.951063952255151,3.2531762972124656,0.3263750897269907,-0.585434149714789,-0.6384797928886501,0.6500419730507697,0.7669904505595512,-0.3425382234349603,1.483128627973814,-0.7679485917368151,0.9270120944493728,-0.8763481756678949,0.23868157093183537,2.7966208534841073,0.5833680068212987,-1.2413434916701611,-1.67116760107493,-3.482477680600807,-1.9434568512868227,-0.11622243953775185,-2.989568832222921,-1.1951037734634757,2.7676099373021064,-0.36416980891575595,-0.8436156065359265,-1.0260072516257819,0.9266047683086054,-1.9852129668639016,-0.22145014296399368,0.003583205954583647,0.0818227218148239,-0.4190819928078221,-0.45962644226943894,-0.5119328993592408,0.11734090644831896,1.8004627624602276,0.5082991855939731,-0.050790362249648426,0.499646955111966,1.05045424896472,-6.533003239263882,-0.050082641464535414,-2.0583740667732986,0.40929499664095537,-1.3446664736332283,-1.4106243229636006,1.7140514697707319,1
0.08525257457038693,0.25163024881989055,-2.980267694128125,9.599530124659877,-3.902126196954896,-1.5776070685393473,0.6990734805275938,0.3825843477005755,0.16110632224167845,-0.2240923670629287,1.0024712126802,-0.3405600349378623,0.10233584683421988,5.394829353411865,-3.506766046468253,2.079176664795037,4.039367792198187,-0.08059851615012545,-0.5047396164614972,-2.414416086566811,7.499008931588288,-0.19240420779590675,-0.9074659814202977,5.248929547603408,-0.11448704558920082,-3.6774093959611474,0.3200319320927313,0.46675065041843516,1.9677296821430459,1.5932736159500267,-8.823144802960487,0.13486114686452289,-0.6621914435304808,-6.965725171787384,-0.3937337116943893,0.44768321574265635,-6.233720541170984,2.3224667746697025,0.5687223991204718,-1.212515744488909,11.189632792676706,0.09942198670854183,-1.5717652767602155,-8.56328067248677,-1.3032200826784146,-3.5622594520089605,-1.21085563794359,1.021569707253141,3.0069457955903003,-1.0331647752913673,1
0.06859922748066052,-1.227636420410408,-0.273932185152836,1.948057809730254,-3.4419410242240542,0.7825788808419775,0.1972396243949972,0.9914023002695822,0.5456573234700275,0.17233913922918878,-4.006206723470603,-1.723228250716323,-0.832186034150062,-6.218506124983194,2.3911154004535353,-0.2554707861877694,-1.000298261572869,0.9106456722299703,-2.276507685227389,1.9397895990847553,4.321263109516104,-1.6480462063661798,1.6857923026593036,-2.7413084830627987,-0.14268771207346503,-4.096029652024794,0.1508182063325938,-0.35687152802559846,-1.649216974417132,-0.029856121636366265,-2.2626513226709446,1.6699580857595118,-0.3979120985908414,-6.729873231038956,0.5127175234723987,1.3985620921255355,-5.879667889631966,-0.21870864263161227,-0.1181707843665918,0.29871365999200894,-4.756691892842149,-0.2722761011450806,1.8508513967762767,10.797479145498892,1.7975393871259047,1.2153723327695967,0.03812738409493465,1.7818520250821162,-2.1259048328244643,1.714831608676043,0
-0.6252459225571738,-0.0379070611841362,1.869198801908452,-2.8613914458466763,10.281897281338846,0.43393896823028894,3.9787269079780776,-2.431486504508472,0.09725087697778614,0.7312936208403685,1.3971989329782208,-0.1835907634705542,-0.7842213825343839,-9.443394715317698,2.2956109727398077,-0.19928005491459203,-4.68634171740832,0.10481160807228165,3.4421469024963103,1.3895615753945885,-3.9202000808894604,0.7386070289928207,0.6693924713925414,-2.993459533928724,-1.6018409520745176,1.0476725017677353,0.4139136701102331,-2.5933885647417103,-0.3432350544551033,-1.9138007046699812,-2.0627417224674565,0.42048133531255816,-0.4054724571406713,8.593328607122503,0.27623985201997375,0.07077407590065136,-3.2370229571697946,-3.286752872630598,-2.285499448789645,1.304213891849503,-0.4012176300478109,-0.7364911715057483,-2.7266956339845962,5.714125905210278,0.3251987146870653,-3.0892702960651435,-0.15730528828056567,0.47184707502151135,-0.16680767890551756,-0.21653287184982842,0
-0.8661687990074722,1.9740999482418995,1.5430623807450412,5.540510412492249,-9.557202647356162,1.4498475253612189,-0.081387495763944,-4.984877431399672,-1.6853821048712272,-0.3310106034017459,1.0281745932678814,-0.8814470664684638,-1.0928966063260301,-0.9047912936364076,1.4866514904712722,0.7335948682293696,2.7889868108766938,1.3423536912579532,-1.2694211075921067,-3.6954101880953885,6.496889562299276,-0.897409503631337,2.0118642631265615,-0.8480102966619861,0.8732730483007036,0.4447434310549211,0.3030110504561574,-0.7786754726576129,0.4502888306473442,0.19785330956715308,4.310786787821775,3.5244220084029414,1.2341440357800615,5.04891650980713,-0.060137885503685214,-0.8840147297480861,5.268199096232602,-1.1296931844455058,0.6021634895760638,1.336235090812621,-4.517496808926004,0.30532075501249806,4.994293998449085,-4.931715822112165,-0.24508175557685558,4.1503563877659415,0.4778085626164694,3.0953629481464473,0.683397657371056,-1.0956712289725123,0
0.20579680373407996,0.5711098221298226,0.9282024411245543,-0.41291856116062853,7.496741663334693,-1.8381767396700122,0.8873839858388392,0.19062690885092337,0.28725731246679276,0.5066690260283885,3.5512942577835127,0.6530372834064285,1.0137505474982607,1.3839915312813709,-5.347475210061223,-0.0365972929162469,-2.0190261740314956,0.49661519848385155,1.2013939743256676,1.6443832178815954,-8.542515785136127,0.4195241084261415,-0.08422329652739403,1.1842352210640845,1.6184593242319745,0.787611768550323,-0.0028761026590009907,-1.1758349879382288,-0.6222254717550558,1.0121331898223096,-2.7449646151592075,2.6539021584380866,0.556964120578887,12.24397978282551,-1.093895056734405,-1.522768090504186,-2.6930525644618526,0.19514832274373306,-0.04413971884780624,0.9244340219585094,-4.469684512543466,-1.3065215229226008,1.895890055923191,-8.12747378905469,-0.18844908213006825,0.26425946042378234,-0.5436940296827768,0.09030998552055536,-5.744900346434415,0.33279821740445475,1
0.8188393725993478,-0.05525899572965248,-2.279503930522883,-2.7371899412312444,3.2333561020268706,-1.66184836721825,3.8954220933034462,-0.4605594626646743,-0.0037628171450240252,-0.779923248925003,3.0163432162596964,0.5507886141027314,0.24461036132947195,-6.905312964445943,2.5102852472231816,-0.01932279197126341,-0.9671839898751371,-1.5405579718706937,3.7037917711528467,0.017275118986248783,2.2764587714268663,-0.8601288762924614,1.0607149993421696,-1.917713842194539,0.886293194621468,-0.38500895220647147,-1.8059362626034217,0.4448534381865086,0.08907620249656334,0.31402569182060314,-4.064203830372648,2.3597805573240773,0.26473875775570727,9.312640015676967,-0.8185041405936757,-0.12915348246011388,-12.401098709830881,-3.8734102604324883,0.37287600885243755,-1.9892694661612838,-0.18409802921786175,0.1404959074394759,2.1819597801314448,0.20769129686764604,0.595423156763723,-1.9402417433103354,-1.5003283759785706,4.240961697391343,-1.8544621105365995,1.02416493277307,0
-2.205505355019822,-0.33275876457522374,-1.3048805090695281,4.078579037260256,-6.516109000530119,1.5237711976170534,-1.9961125441136005,4.943143386063072,1.2266639737874803,0.09541187582686682,1.2195680083082583,-0.05728119979051539,-1.1129058948716162,0.5908790829245909,0.6413240218969327,0.8261257084311929,1.7708660543711812,0.13603121737437676,2.2009546894198158,-5.015955600169405,11.894677065626647,-0.7267120259827976,-0.05775655837871275,0.41459735984700075,-1.2595961687997215,-2.758295767093693,0.6663545422501889,-1.5727964525481732,2.337409661478276,-0.8383111556987011,-7.209678053743763,-2.2167862308067283,-0.3362738590855785,-10.84407184091978,-0.6910198131753685,-0.39282060354620846,-5.650209371010538,0.5837479605779603,0.5614499095511267,-0.21716311572416697,12.720455161825413,0.44786966411125256,-2.5415276904149118,2.233933021153085,-1.4484668632479882,-0.4444755852918373,-0.2040078724765029,3.1726337162262332,-0.7847277279660756,-1.037029343848692,1
-0.34087441056947076,-0.8751547489139164,-1.1337594588307849,-8.061390633039924,5.00868346976927,-0.1285875503163606,-0.04086988209136466,-3.0399797577947765,0.6500845143723144,-0.20496055173029593,1.2813100667030426,0.4554199909368095,0.4347888054610397,2.7134038306970205,0.3289165958572213,-0.780279868390064,-4.093092538266806,1.070360016973174,0.3344167365804347,-0.06725204219324932,-11.501325003502387,-0.25686969733191695,1.454035748839167,0.8972972553588745,-1.2142172813593393,5.507161229758819,1.8209392740896755,-2.157356373494461,-0.1740068375080337,-0.7200014312908092,2.520550719334226,2.5343219476466925,0.4146742666092209,7.50039535296154,0.6620053664519022,1.8571022697558597,1.415025138447396,-0.22884605508415812,1.2424939128184713,0.2934713976498223,-4.410055853472166,-1.519974459585868,2.0252480850196055,-9.345623334035166,0.22290581962427333,-2.1097823635973136,-0.5935203173475259,-1.2285737578514024,-4.697706341962379,0.6498296346799787,0
-0.48948241875503073,0.5668693724410713,2.1978283847469853,13.476386827313465,4.79436429315418,1.6616518611847708,-0.9027439046188495,-2.5707933171157036,0.4395223228337985,0.5921490907817339,-0.9231932059066215,-0.06794512039049865,0.7438001537659823,-0.6132126264277272,-1.4839450584306932,0.9991498501973654,0.9477749416332755,-0.7034000921928111,4.235105027976299,0.6758853555488773,4.145291669140661,2.1600131083707352,-0.9660631850440695,-0.9423538931313236,-1.0075548757829758,-1.8484419156294345,0.30627248830518367,0.5555456030705429,-0.7864684150712256,0.3025610022884201,-7.297433623145428,-1.9612642312758757,-1.2808067141489963,-4.859738417545091,-0.5062735331744886,-1.176473154361083,-1.2187693519928513,5.25586193080505,1.092338876030798,-0.10030170261183188,9.708381988298047,0.7635414664859205,-3.421466193881219,-3.726339639236151,2.3602285856534144,-4.349906924250915,-0.7164441575864774,0.8694157129459051,-1.7041820878471388,-0.7095210107080003,1
-1.9536785626194064,-1.2663426769629542,0.8234220782380166,-2.9946445348674207,17.580191088481765,-0.5186786872885925,4.116363358398876,0.7292012560193439,-1.261491746790615,0.4331187294489333,1.3263990074097645,-0.2833977744562524,0.7375215134138817,-9.863232037803632,0.21265848484080996,1.0875463154668945,-5.906910118463706,-0.8998864767434843,3.1326166011147283,1.7244038834153215,-7.8963246845928,0.6191549216054889,0.7393045331330262,-3.6536740722650616,0.522557601998812,2.382848965198705,0.5140041798160635,0.0023851979152351623,-0.21018881379676232,0.4820806086722011,-10.044021408242985,1.6826597672354744,-1.2920012510471275,9.381976093902045,-1.3897810188962068,1.3207943861279146,-11.163657947511576,-4.0210532690277985,-0.05488818475438849,-1.8743134967410682,-0.7823739306031167,0.2957790885068872,-3.2232481497977394,4.5285110371030015,0.8165348797737704,-5.9493451855465995,-0.06149476428488614,1.4853256973610343,-5.853952602635024,-0.2725327484877595,0
1.4263168607870274,0.46079432770125556,4.452886844607802,3.626454649571564,0.13556730567507894,-0.8358560674816213,0.04611977754277774,1.6272393205793736,0.24664895525244618,0.6991361537186938,2.8095016467128984,-0.9420935888731159,0.7293463462804262,-4.411556756863838,4.175324946543753,-0.8396324471731914,-1.5828560982731803,-0.6599427051023377,0.7779522521441282,1.5092114672241232,4.156861639114694,1.561279598955807,-1.3682450953383907,-5.472488955852605,-0.2563168936896428,-1.5561266716271107,0.6079925094063973,-1.0513903986600646,-0.29875960056993595,0.21301716742988736,0.5443477189137029,3.7465652258514903,-0.024549423642379036,0.8298277729201993,-0.9711706648243907,-1.1022301909070906,-3.730649610689181,4.236574937162393,0.599369372522297,-0.9402702359572048,-2.6449272479454304,2.488441614331128,-2.1568843789575647,3.4067546900663057,-0.10321275146170758,2.6935928112974614,-0.400986157896401,0.9359082573449327,-3.2316826453946987,-1.6923704374741084,0
0.8528890972688773,-0.5037094373682366,-0.4054322036180439,3.45236245834333,1.1136660244680534,0.312633963013986,-1.2811792821285761,-2.293231641165933,-0.7391692003908287,-1.3205253468280322,-2.43753911922651,-0.19346388279034774,0.4958506689654304,2.0557378079633124,-2.824145572406553,-0.9505179454445303,0.927364694069321,0.19939707280548574,1.148683190518381,1.9213323874220047,-3.105334321814751,-0.17724661618939888,-0.463996423330844,0.30483900431342004,1.0723006472880914,-0.9157332851069218,-0.05872619336893859,-0.15589798576570357,0.49908427567176655,1.9457613913063267,-0.21788907120769846,-1.2774286640367556,0.3636978927133631,-0.7942408593875077,-0.3781780468929897,0.3062033963037085,2.0465558671708832,2.8950207844703897,0.5709498398461205,-0.3795541206458599,-0.34542854385979244,-2.1481184782308977,2.6236615198887607,-4.8865657080681775,1.241299220315991,-0.8656749362832918,-0.5870162885051485,-1.6719296980252727,-2.165185449833877,-0.11496176627749469,1
-0.575255994806118,-0.7688491596748099,2.2641210810142476,8.99355397673315,-4.559725203072039,-1.0065590647942375,3.647187840759342,-2.16699962338015,-0.44791483841554025,-0.8490728726936604,-0.23489585847949135,-2.1433080652386884,0.4242526181008702,-6.91363014188346,-1.9433734995364302,1.4198639721964357,-1.4079540656834155,-0.5966708555383098,-1.5859391992650713,-0.9053673819839749,6.843173997987986,0.6795678657650824,-0.9651066080644173,-1.275189239652557,-0.5139029502799155,-2.679969577325877,-0.19871506167079867,-0.20433893690304725,1.6295000432323286,0.5670582125201824,-3.2875937641031734,1.2292896775522117,-0.3000035769377952,-0.29802438606131226,1.1035037667283756,-0.7772280421551344,-2.8122656616320403,3.383956126430598,0.9882405737426969,-0.42378824854947633,-4.763356877244861,-1.8491307272754511,-0.5391694013338071,0.6794878272479749,1.796918522574928,3.0453909281391076,-1.1690957473220271,1.5536562042906255,-0.27776482993854706,-0.22157439820400068,1
-0.43355433273316757,-0.12004112209610802,-1.136195277055423,-2.8409474212048265,8.154419277656862,-0.20583402521873762,-0.05752755995370529,-1.3657496261051172,-0.22342611219469602,-0.6078874462819541,1.2758578886540017,-0.37754691905928855,0.23908708037359924,0.12972375476576944,-2.144970734308827,0.19383173692841307,-2.409475825168084,-0.7917565156434644,-3.1885546532870928,2.63237757343023,-16.96769706565001,-0.5609810031317565,1.1320051336773298,-3.153830078898591,1.3363861823227936,3.9974692783396373,2.4643219335153654,0.3424273512868276,-0.9333162402269223,-0.26800978339811193,3.5771908184133046,-1.8436611688245388,0.07267789910378988,3.771282047461123,-0.04648115603289032,-0.034475046088398256,-4.150146584343435,1.0003251066985772,-0.496608209729517,-1.3629409472080096,-7.842361498903019,0.037996013453515,1.0978669990709642,-4.914541802992153,0.8546427287124486,-2.5804998596978432,0.4614688774411399,-0.8424013658949403,-3.1868463183637967,-0.9733759675567485,1
0.46937222533875006,0.8655251906712624,3.2465426875723713,-8.989550187233078,5.579895153477399,-1.099970807569307,5.321857727323439,-1.964852581877695,-0.3934491211856633,0.7837444936747278,-0.7116053355495662,-0.40435221962399975,1.5190032799361455,-8.888483065850998,3.9788358619837365,0.022212664516484088,-6.706279445023623,-0.5225785415319466,1.9139945388934483,-0.4492198439074969,-1.395125006404771,0.13998846738685936,0.5434534395827254,-0.6941599530153602,0.49097105518197964,3.6451058953489714,0.0027175398906808907,-0.6339886593167213,1.9013400518481125,-0.30713172015868406,-0.8563797435163321,2.9461886232281986,0.27441699528200864,12.410977996245766,-0.7977027599404173,-0.524939422913999,0.989097561449183,-4.381566401907614,-0.44903714144696555,-0.34404562884962536,-5.565885803690671,-1.3946796415926757,-0.07480408204750777,7.851710423383945,-0.7352957182829736,-1.4030103456495027,1.2740445379470846,-0.6666285735367199,-0.4788556109948824,0.10665229450303212,0
0.8630171531510914,0.7930070706974274,1.9589102555058093,-3.603822303441146,5.273151336049145,-1.1436413958418497,4.815694779325117,2.7434385756304502,0.5979464913921806,0.6422109433294259,-0.4667856770018657,1.144553535284558,-0.836111379500769,-4.872441733777424,0.5701970735341663,-0.21977298571336235,-2.9436590240786913,-0.1724823171069609,1.7274111663234275,0.4850792950202427,0.7343601026378912,0.891364106352944,0.9007239050891807,0.23971970219607908,0.12656880153077496,0.23027535051916204,2.188618678822837,1.2834550362665254,0.2587975673406087,-1.461738342216723,-6.744803304660688,0.6127116926008621,-0.18669092211460994,8.222904678037901,0.34002459825965264,1.0402389642495586,-7.482464997920159,-1.2163544371023072,-1.5487961370026657,-0.55512634549445,0.2010077029235314,-0.5896977956993248,0.6872730252209607,5.684574371719124,-0.018767055539892923,-3.7955748716252025,0.6380240334954549,-1.1677602434182357,-0.46294543056653836,-1.1504377698185095,0
1.6292757699588616,0.7979131965667455,1.056469942820736,0.4629711966592913,-4.429008688551079,1.2228774470534098,1.2889949456910381,-3.8874910751170284,-1.1932578334740391,-0.935127209437544,3.361013156589193,-2.0865100288551877,0.10086706325731179,2.172546379293648,-0.9575060512343141,-1.29636038827543,0.5776771096111215,-1.5429214471542902,2.761977762579991,-1.316235747676467,-1.4407517353839858,-2.3137731131722004,-0.09302414444422329,1.7181061017902355,-0.6736641713091397,-1.4154307219143272,0.35026591956203,0.9719702938655755,0.38182400961938384,-0.4017637421265006,3.358628014905937,1.0713946323730064,-1.2557748817415015,11.215075976232443,0.6343866731890512,0.3982960861974925,0.7678174412604536,1.3820310527374677,-0.4152313958216571,-0.8425717017130081,1.7862150350105233,0.13906415030468255,6.544109982429625,-9.581487966178138,-0.590757152909962,-0.5277722556928448,-0.8868796038714377,-0.9420831776689917,0.5684052015495299,0.38616637709836915,0
-0.5216965249478154,-1.1848874445717696,1.763793305937949,14.255288837236154,-8.862947365091747,-0.20357067147347696,2.3143160257802444,-3.5086951052442448,0.8621480568842673,-0.9179843060046156,-0.5513181747782754,0.5498568672963908,0.2462227612764322,-7.320396438732847,2.024337243631961,0.4883705904296574,-1.632928971184771,-0.07223875867166796,-6.407686462934262,-3.0540744828479642,7.362793536738383,1.4226047489690348,0.9659361184597012,-4.010855011890699,1.061600170035261,-2.0468978823178228,-0.11858662355009231,-1.5422881507996786,-0.6518564999305905,0.31112444609365353,-2.3712660357395876,0.4370604472423054,-0.47336092550247877,-13.495466272694587,0.8303860053403918,-1.77474481518865,-6.02299141318207,6.283369636108827,-1.0783610908167798,1.9612269893650154,-2.0169139816658856,0.7776072813422404,-3.836965832513992,1.7882806502304904,0.0008999266711071547,0.49236981849259853,-1.805251688630421,2.932808861572817,1.6488766821068002,-1.218683829977197,1
-1.063695591025548,1.0541779089389227,3.5120639144537744,-0.6822134168128353,3.4294135422888625,1.4558079518368434,-4.019823030274077,0.10238366091250639,0.4595849048340562,1.2577442174960383,3.9726722138768618,0.05549222544380277,-0.27929666927837216,4.904947096855423,-0.34517106230117534,1.390533967073938,-1.2799706326364357,-0.4957954945452093,0.3857843018636671,-0.5971035171021286,-6.731390688974405,-0.1550358081183258,-1.6413486088230291,-0.07246366940224669,2.0347625440211536,1.1068560974462034,0.28005786003768013,-2.123890018045559,-2.0866349794205425,1.2165777137429403,3.8180933153835133,1.9880943348964448,-0.32775491729641676,3.1123828981950763,0.5592989813908843,0.040071456547775455,8.094847543299455,0.13044748648360727,-0.3386821854453976,0.06606026178649259,2.2762378263808793,-0.4310963375107571,-1.8328481362160032,-3.446492787823978,1.484925598699954,1.1174923953251001,0.9508336970037996,-1.0833171653156795,-2.394324902647307,-0.48972502237302673,0
-0.38471785209355397,0.36800365928054296,-1.1821782583756273,8.990050880525873,-0.6706758004790837,-0.24380379713912192,0.41802254408343553,-0.7491077871006988,-1.736241804300151,-1.2489489330728745,0.9862826762589398,-0.18954566825657565,-0.38128986980829505,-0.6337175149234532,-0.8461341702088498,-0.9090323262520912,1.9555055485068098,-0.9804592455621558,1.3813278469064398,-0.41346039960306546,5.357085756312444,-0.5363325211989141,-0.14517024419321808,-0.25980372474636604,1.0825913704708934,-2.306380550539444,-0.3767841091075349,0.5569683168406292,-0.3302378932645443,-0.567767241520187,-5.03747740461681,-1.2564545524633013,1.2353823920094769,-5.062020743158592,-0.2863182808100257,-0.8348071635345082,-6.572454518487174,2.889651866409301,-0.591159668922353,0.15706946285780823,6.395054985145377,0.5610028884976374,-1.97287029410085,-3.5313115778686717,0.4280281070213674,-2.184765017418737,0.3688887075856658,2.5498740725014937,0.4535750535852978,-0.6126385603685591,1
-0.8690775859999118,-1.8289766352959453,-1.0654122197877631,6.447614935611713,1.930620389470134,1.1045544214720489,-1.3043661410573977,-3.9538611175664085,-0.5869026451800015,-2.084432135361529,-3.657714867188238,-0.06611522595320368,0.20353970040461283,-0.5232529209005506,-0.6986237071768705,-1.3301944123244955,-0.43690372052301607,-0.876531851439786,-2.355649998537019,1.9141701852075172,-2.3886252947493225,-0.3930763957934435,1.5068007289494436,0.7488307071431468,-0.09103266785780534,0.21704839441543777,-0.6260582718898234,-0.251656358946396,-0.006937441205922597,1.11699055941535,-0.8795811258470231,-1.2456606268295753,-0.4084554316741083,-6.761300416462904,1.811505704820246,1.9098905619090114,0.5014013155379827,0.008665068724105218,-0.27355577790782964,0.29377431076575306,-1.4318159220672713,-0.4582291537024826,-1.1751001238095187,2.2935526458701907,-0.4224987168254349,-2.475565623281553,0.39597621113961184,2.939058930457673,-0.014732472413147369,-1.510199643978141,1
0.6639650755262219,0.1532884691324239,-2.35013911853105,-4.480570970881734,2.559642744694796,0.24099673204512106,-2.3289926514548447,-2.716983170894801,1.012168295174788,-0.9401565918724067,-2.1848518008266034,-0.9723179180265172,-0.7421521616503846,7.496935374615526,-0.5657333595443218,1.2520019827530313,-1.4553279633695761,0.5620131059141816,-2.222225685016143,3.6391184730333235,-8.741807033831385,-0.09126701972617592,-1.1446926312425976,2.2423483985561177,-0.41321702835180807,4.878094151321887,1.3841867245808201,-1.1802856063511906,-0.39652373901631777,-1.007909803283898,4.873960639695987,2.8306666552452633,1.2598753315170155,-1.6581672519821504,-0.3287276927366078,-0.8563028269952513,5.498089370394502,3.8560835429260862,-0.6758916940010166,-0.4015706755129159,-8.676668641155521,0.8220763567971378,-0.10659687237915683,-10.25376017755825,-0.28044778146745414,0.9926709819850841,0.6941287081378864,-2.071412531268592,-3.9262864287302452,-0.807554041549866,1
1.17782950470566,-0.7756641079399706,0.15614930995466647,-0.22914838607193685,8.435649084592004,0.770330879327212,-3.6876272322136074,-1.0633931409577246,1.4156562261746801,-0.7097851001194992,3.2770086923633452,0.1408106518782359,-1.2493385148615423,2.7825746224963743,2.593475266436039,0.9896794419358903,-3.185626133488633,-0.9741674350429901,3.5560828455587,1.0775508499816246,-4.03552180548797,1.1363880775397395,0.5858508058179356,0.6497710274355859,1.9026181983698311,4.850827840606651,-0.30274601690425323,1.8552462094204791,0.704642720749891,-1.6196845653727006,-0.18953571509586448,0.7307477352005836,0.9367952162539889,1.2835995587536815,-1.0357477261952128,0.1555907349688975,-0.78003457307778,-1.1937651901394424,0.5726270172050857,0.6716165720359097,3.8457036113350567,-2.3051668550435207,-4.838561034965636,-1.3859709325190537,0.4734882616664622,-2.908271135357728,-0.1880897380496502,6.691972020150457,-4.949791481754761,-0.8576702045753997,0
-0.26988113356996424,-2.575202626769266,3.5342090703208306,-2.72115162560845,3.8660700872958635,2.1537195078396496,-6.073121832346816,-2.323304339050911,0.8491152114704448,-0.32577632458502837,-4.261081160661206,0.8474083554815338,2.799707649086917,2.6815093160480674,0.5850321586123326,0.8883941095724036,-2.783442624088748,-0.8790960122662607,1.6206598656369968,2.399782046207653,-4.032309584905015,-0.08332628524667475,-0.5164874419484505,2.0062077372968243,-1.3882334986698628,2.137473318120809,-1.2288951969348896,1.5753068777322043,-1.1524157289595007,-1.3333422788907014,6.50005869260366,-1.2171891012687062,-0.36167245735435183,-2.29498094545338,0.33109242148839846,0.8882319900487784,18.638610471461096,-3.1991758042522793,0.36778401092029667,0.13105444921746154,-1.5332174193544252,1.2671309406200715,-2.2844740027913466,9.659541542611068,-0.1987198463087681,2.413765392618687,-0.8361056043714298,0.5921852748536867,-1.6657226543466024,-1.0932261824597196,1
1.3752254204468972,0.5108748218924175,3.120000095472385,-3.2918042230083246,-3.9596784036658557,-0.6527614493487129,-1.2913354353051223,1.409665523632539,-0.4813926240476333,-2.7196793643226145,-1.4325906909821957,-1.4589407305973254,-1.6300026510237087,0.21359807350018134,0.7906185647578359,1.4977150273195634,-2.5790420617654304,0.40713033108324814,-2.638802657642195,-0.9811864769624505,-0.9187905239626691,-1.7997711814667445,0.565267202536451,0.20447531071085479,0.89896739458806,-0.05739737595290206,1.3970653013137426,0.09082592703632521,-1.0966017470927192,-0.6285575802445897,3.4184820982989623,0.4565122379334686,-1.2217763346947719,-1.9224762922083092,-0.42920929664647733,0.01649148698086454,6.6909553881331885,0.1820792546733072,-0.4870914317118235,-1.1046901472056094,-3.209911443688019,-0.5541312470844857,0.3615648675204457,6.4002740525474255,0.16987795979692444,2.6363867208595675,1.3141544338139488,-2.0318527585795922,-0.2549516278173162,0.4080746493461687,1
-0.3416780975958806,-1.3915052694042196,1.9792743404383777,-0.7992530535455609,7.221939662859758,-0.09439250641118496,-1.4758279848285076,-1.1191632160012541,-1.846531981664673,1.8334353618156785,6.053002603031103,-0.9831181837457077,0.14180663915345446,5.01819713625346,0.1300406976064128,-1.6295836027484383,2.7081368869340774,-0.196233964943542,4.091438457021556,0.053183891753195045,-4.645931295569225,-1.8388466037584985,-2.121176444902436,-0.3533414164466441,0.9341797484997248,0.18901942443224318,0.6041367404426842,0.8020517387405159,0.35570351572398445,0.08658318016541909,3.569575432837401,1.3917488377656924,0.46637957438197886,7.47224452508706,0.1841812647035463,-0.47728627040322935,7.677488490593982,-0.6219002553393509,1.4192550459109512,1.9667639719347398,8.443613119511355,0.024290914137780388,-3.2881375608171517,-9.107388469450804,-0.898321971432016,-0.8477277372816865,0.8690063428187611,-4.210032474052503,3.1656051994430325,1.6959695330141693,0
0.41780058320608143,-0.6296504269401813,0.08979327548896532,-3.45582736801336,17.696549999007228,-0.8096265760401127,-3.866320427805599,-0.5639409300601539,-0.3575790319685979,1.3071838450812574,6.93219506177761,0.8733118360704122,0.6775570335877171,3.7083118566850084,-0.12814834964320188,0.5934659196032391,0.39975615370578743,-1.002668587369791,6.049846221570591,2.3855211269809344,-13.346376509875125,2.1982963386704926,0.010185518712073464,-3.0942505609567044,-2.1789315201949093,1.7622913074681015,0.04108222614387957,0.45615303582705535,-0.46744100962590635,-0.9768953867353252,1.515941757365521,1.4606584788034853,0.8591041927855306,6.615171917582915,0.07851402517417629,-0.8601533849246632,4.0452596573853805,-2.3205318651374776,-0.5895799225452156,-0.9906709306271492,8.487903701451126,-1.2402163364077703,-5.753376003974354,-9.452862135140315,1.1997361764150378,-2.756440213022478,-0.653284701927889,-2.6333176761149697,-2.865213468644523,0.5727513668572158,0
-0.7707843007065652,-0.9583744802265615,0.33997137084879225,0.7789712171230364,2.9133157169858928,0.02862050418778282,2.946747721621578,-1.2923060889813278,-0.3234574724834238,-1.5200392851920637,-1.265461085992797,1.3426220105103532,-0.5981504525164858,-3.811906001025991,-1.4358765048634994,0.09775080242218528,-3.0712472471503878,-1.3109703704412123,-1.6018569227530812,0.3389403232836853,-3.291121223783536,0.1584338467855317,1.4015234160052454,0.05734527855964311,0.04613505895568493,-0.5814067703767483,0.19782816784986781,1.3151376657209723,0.41785370321732596,-1.5329210534301279,-4.1909871794201745,1.0840709437657505,-1.2597873434052702,0.9422947745454303,-0.7038590359904466,-0.04001872535163292,-3.6491844303259886,0.6819132187632796,-1.7119701640942213,-1.1419014192038466,-2.403267061919912,-0.4808453408727291,-0.07559544462343515,0.3493148421825632,-0.7399358529652597,-2.1850247985761175,-0.08081161294374097,-1.475665733817424,-1.1069687739482124,-0.8319574932171248,1
